{
  "timestamp": "2025-09-06T13:38:14.248216",
  "iterations": 5,
  "avg_time": 7.748603820800781e-05,
  "median_time": 7.581710815429688e-05,
  "min_time": 6.246566772460938e-05,
  "max_time": 0.00010609626770019531,
  "success_rate": 100.0,
  "grade": "\ud83e\udd47 ECCELLENTE",
  "times": [
    7.939338684082031e-05,
    0.00010609626770019531,
    6.365776062011719e-05,
    6.246566772460938e-05,
    7.581710815429688e-05
  ]
}