{
  "timestamp": "2025-09-02T11:27:46.218121",
  "iterations": 5,
  "avg_time": 10.218518686294555,
  "median_time": 10.111380338668823,
  "min_time": 10.094757556915283,
  "max_time": 10.658716917037964,
  "success_rate": 100.0,
  "grade": "\ud83e\udd48 BUONO",
  "times": [
    10.658716917037964,
    10.094757556915283,
    10.125468492507935,
    10.111380338668823,
    10.102270126342773
  ]
}