{
  "timestamp": "2025-09-06T12:00:22.042478",
  "iterations": 5,
  "avg_time": 32.093309020996095,
  "median_time": 39.215723752975464,
  "min_time": 0.0001456737518310547,
  "max_time": 42.51458525657654,
  "success_rate": 20.0,
  "grade": "\u274c CRITICO",
  "times": [
    0.0001456737518310547,
    42.51458525657654,
    40.32758092880249,
    38.408509492874146,
    39.215723752975464
  ]
}