{
  "timestamp": "2025-08-18T16:50:14.554528",
  "total_queries": 30,
  "avg_response_time": 44.28823181788127,
  "median_response_time": 39.36133337020874,
  "min_response_time": 16.171183109283447,
  "max_response_time": 64.6640272140503,
  "avg_tokens": 59.5,
  "redirect_accuracy": 80.0,
  "raw_data": {
    "response_times": [
      60.52427411079407,
      63.951719999313354,
      38.049118995666504,
      33.61659526824951,
      36.07596135139465,
      44.315144777297974,
      63.54818654060364,
      41.98221254348755,
      51.134345293045044,
      25.974486351013184,
      33.425215005874634,
      36.664016246795654,
      63.56550455093384,
      34.41059470176697,
      39.24863624572754,
      61.51983952522278,
      44.569846630096436,
      33.30496525764465,
      39.10765361785889,
      29.208144903182983,
      16.171183109283447,
      63.974465131759644,
      44.03582215309143,
      64.6640272140503,
      39.12835192680359,
      39.47403049468994,
      57.73087239265442,
      32.69223880767822,
      38.8054256439209,
      57.774075746536255
    ],
    "token_counts": [
      115,
      9,
      30,
      28,
      58,
      95,
      9,
      53,
      119,
      26,
      50,
      49,
      9,
      34,
      60,
      152,
      97,
      28,
      63,
      45,
      45,
      9,
      55,
      9,
      64,
      41,
      172,
      51,
      59,
      151
    ],
    "redirect_accuracy": [
      true,
      true,
      true,
      false,
      true,
      false,
      true,
      true,
      true,
      true,
      true,
      true,
      true,
      true,
      true,
      true,
      true,
      false,
      true,
      true,
      true,
      true,
      true,
      true,
      true,
      true,
      false,
      true,
      false,
      false
    ],
    "queries_tested": [
      "Come richiedo supporto per studenti con DSA?",
      "Come funziona l'università?",
      "Dove si trova l'ufficio tasse e contributi?",
      "Posso vedere il mio libretto universitario aggiornato?",
      "Quando posso prenotarmi per la sessione di laurea?",
      "Perché non riesco ad accedere al mio sportello studenti?",
      "Che corsi ci sono a ingegneria?",
      "Posso iscrivermi a un esame se ho ancora un debito?",
      "Come richiedo l'esonero per reddito delle tasse universitarie?",
      "Cosa succede se pago le tasse in ritardo?",
      "Posso prenotare un appuntamento con la segreteria?",
      "C'è una mensa universitaria?",
      "Come funziona il servizio di orientamento?",
      "Quando apre la sessione di esami straordinaria?",
      "Quali sono gli orari della segreteria studenti?",
      "Che documenti servono per iscriversi alla laurea?",
      "Come faccio a iscrivermi agli esami di gennaio?",
      "Posso vedere il mio libretto universitario aggiornato?",
      "Quali sono gli orari della segreteria studenti?",
      "Posso prenotare un appuntamento con la segreteria?",
      "Posso prenotare un appuntamento con la segreteria?",
      "Come richiedo un certificato di laurea con voti?",
      "Dove si trova l'ufficio tasse e contributi?",
      "Come funziona l'università?",
      "Quali sono gli orari della segreteria studenti?",
      "Dove si trova l'ufficio tasse e contributi?",
      "Come faccio a iscrivermi agli esami di gennaio?",
      "Come ottengo la ricevuta di pagamento delle tasse?",
      "Quando riceverò l'esito della mia domanda di borsa di studio?",
      "Perché non riesco ad accedere al mio sportello studenti?"
    ],
    "timestamps": [
      "2025-08-18T16:29:06.408375",
      "2025-08-18T16:30:10.363228",
      "2025-08-18T16:30:48.413120",
      "2025-08-18T16:31:22.029969",
      "2025-08-18T16:31:58.106134",
      "2025-08-18T16:32:42.421836",
      "2025-08-18T16:33:45.970379",
      "2025-08-18T16:34:27.954392",
      "2025-08-18T16:35:19.088998",
      "2025-08-18T16:35:45.063796",
      "2025-08-18T16:36:18.489278",
      "2025-08-18T16:36:55.154381",
      "2025-08-18T16:37:58.720404",
      "2025-08-18T16:38:33.131854",
      "2025-08-18T16:39:12.382324",
      "2025-08-18T16:40:13.902420",
      "2025-08-18T16:40:58.472621",
      "2025-08-18T16:41:31.777815",
      "2025-08-18T16:42:10.885658",
      "2025-08-18T16:42:40.094033",
      "2025-08-18T16:42:56.265473",
      "2025-08-18T16:44:00.240241",
      "2025-08-18T16:44:44.276391",
      "2025-08-18T16:45:48.941378",
      "2025-08-18T16:46:28.071039",
      "2025-08-18T16:47:07.545340",
      "2025-08-18T16:48:05.276485",
      "2025-08-18T16:48:37.969010",
      "2025-08-18T16:49:16.775091",
      "2025-08-18T16:50:14.549516"
    ]
  }
}