{
  "timestamp": "2025-09-06T12:24:35.744265",
  "total_queries": 30,
  "avg_response_time": 29.80472901662191,
  "median_response_time": 32.753350138664246,
  "min_response_time": 0.0008561611175537109,
  "max_response_time": 41.06216621398926,
  "avg_tokens": 60.93333333333333,
  "redirect_accuracy": 66.66666666666666,
  "raw_data": {
    "response_times": [
      33.52152991294861,
      41.06216621398926,
      28.66062045097351,
      38.512227296829224,
      35.837520599365234,
      14.048142671585083,
      37.71562099456787,
      17.029383659362793,
      37.1104633808136,
      31.985170364379883,
      37.20252346992493,
      0.0008561611175537109,
      36.92123556137085,
      29.4371395111084,
      28.07446813583374,
      28.72774028778076,
      28.673794507980347,
      34.242783308029175,
      14.37874174118042,
      16.677438259124756,
      33.64919185638428,
      39.22139286994934,
      39.63609194755554,
      29.75838303565979,
      10.772343158721924,
      37.41616630554199,
      37.978174686431885,
      30.826948881149292,
      36.12407398223877,
      28.939537286758423
    ],
    "token_counts": [
      46,
      73,
      33,
      88,
      80,
      36,
      94,
      39,
      80,
      56,
      101,
      37,
      72,
      42,
      47,
      49,
      44,
      70,
      42,
      38,
      65,
      84,
      97,
      68,
      10,
      79,
      82,
      52,
      84,
      40
    ],
    "redirect_accuracy": [
      false,
      true,
      true,
      true,
      true,
      false,
      true,
      false,
      true,
      true,
      false,
      true,
      false,
      true,
      true,
      true,
      false,
      true,
      true,
      false,
      false,
      true,
      true,
      true,
      true,
      true,
      true,
      true,
      false,
      false
    ],
    "queries_tested": [
      "Dove parcheggio in università?",
      "Che corsi ci sono a ingegneria?",
      "Come richiedo un certificato di laurea con voti?",
      "Che corsi ci sono a ingegneria?",
      "Quali sono gli orari della segreteria studenti?",
      "Posso iscrivermi a un esame se ho ancora un debito?",
      "Come cambio data di un esame già prenotato?",
      "Come posso contattare la segreteria via email?",
      "Quanto tempo ci vuole per avere la pergamena?",
      "Quando riceverò l'esito della mia domanda di borsa di studio?",
      "Come faccio a iscrivermi agli esami di gennaio?",
      "Dove trovo informazioni sui tirocini curricolari?",
      "Quando posso prenotarmi per la sessione di laurea?",
      "Come richiedo un certificato di laurea con voti?",
      "Perché non riesco ad accedere al mio sportello studenti?",
      "Come ottengo la ricevuta di pagamento delle tasse?",
      "Come posso contattare la segreteria via email?",
      "Come ottengo la ricevuta di pagamento delle tasse?",
      "Il mio piano di studi è stato approvato?",
      "Come posso contattare la segreteria via email?",
      "Posso prenotare un appuntamento con la segreteria?",
      "Come funziona l'università?",
      "Come funziona l'università?",
      "Il mio piano di studi è stato approvato?",
      "Quando apre la sessione di esami straordinaria?",
      "Come cambio data di un esame già prenotato?",
      "Come richiedo supporto per studenti con DSA?",
      "Posso vedere il mio libretto universitario aggiornato?",
      "Quando devo pagare la seconda rata delle tasse?",
      "Come posso contattare la segreteria via email?"
    ],
    "timestamps": [
      "2025-09-06T12:10:15.113056",
      "2025-09-06T12:10:56.175466",
      "2025-09-06T12:11:24.836308",
      "2025-09-06T12:12:03.348822",
      "2025-09-06T12:12:39.186725",
      "2025-09-06T12:12:53.235654",
      "2025-09-06T12:13:30.952285",
      "2025-09-06T12:13:47.982219",
      "2025-09-06T12:14:25.092828",
      "2025-09-06T12:14:57.079304",
      "2025-09-06T12:15:34.282019",
      "2025-09-06T12:15:34.283303",
      "2025-09-06T12:16:11.204737",
      "2025-09-06T12:16:40.642091",
      "2025-09-06T12:17:08.716742",
      "2025-09-06T12:17:37.444657",
      "2025-09-06T12:18:06.118662",
      "2025-09-06T12:18:40.361579",
      "2025-09-06T12:18:54.740561",
      "2025-09-06T12:19:11.418149",
      "2025-09-06T12:19:45.067516",
      "2025-09-06T12:20:24.289121",
      "2025-09-06T12:21:03.925376",
      "2025-09-06T12:21:33.683928",
      "2025-09-06T12:21:44.456425",
      "2025-09-06T12:22:21.872739",
      "2025-09-06T12:22:59.851068",
      "2025-09-06T12:23:30.678169",
      "2025-09-06T12:24:06.802461",
      "2025-09-06T12:24:35.742185"
    ]
  }
}