{
  "timestamp": "2025-08-20T17:49:53.135388",
  "total_queries": 30,
  "avg_response_time": 45.40242195924123,
  "median_response_time": 34.97880005836487,
  "min_response_time": 22.755529403686523,
  "max_response_time": 81.89222860336304,
  "avg_tokens": 53.1,
  "redirect_accuracy": 56.666666666666664,
  "raw_data": {
    "response_times": [
      35.64286184310913,
      76.33955311775208,
      81.48212051391602,
      36.50632047653198,
      81.89222860336304,
      74.21275162696838,
      70.52440190315247,
      79.4517126083374,
      35.285666942596436,
      22.755529403686523,
      80.25874257087708,
      73.77327346801758,
      44.0297429561615,
      34.6719331741333,
      27.215161085128784,
      33.483041286468506,
      33.99306011199951,
      26.697474718093872,
      38.2344114780426,
      26.152337074279785,
      36.350252628326416,
      78.17041563987732,
      32.984437465667725,
      25.49917697906494,
      32.60000157356262,
      26.035457611083984,
      25.43148970603943,
      32.583497762680054,
      32.357388496398926,
      27.458215951919556
    ],
    "token_counts": [
      49,
      97,
      14,
      44,
      14,
      94,
      91,
      94,
      57,
      25,
      115,
      89,
      91,
      57,
      22,
      50,
      46,
      25,
      56,
      16,
      55,
      115,
      54,
      20,
      52,
      19,
      20,
      30,
      52,
      30
    ],
    "redirect_accuracy": [
      true,
      false,
      false,
      true,
      false,
      false,
      true,
      true,
      true,
      false,
      true,
      false,
      false,
      true,
      false,
      false,
      true,
      true,
      true,
      false,
      true,
      true,
      true,
      false,
      true,
      false,
      false,
      true,
      true,
      true
    ],
    "queries_tested": [
      "C'è una mensa universitaria?",
      "Come faccio a iscrivermi agli esami di gennaio?",
      "Che corsi ci sono a ingegneria?",
      "Quali agevolazioni ci sono per studenti fuori sede?",
      "Come funziona l'università?",
      "Come faccio a iscrivermi agli esami di gennaio?",
      "Che documenti servono per iscriversi alla laurea?",
      "Come funziona il servizio di orientamento?",
      "Come ottengo la ricevuta di pagamento delle tasse?",
      "Quando devo pagare la seconda rata delle tasse?",
      "Come funziona l'università?",
      "Come faccio a iscrivermi agli esami di gennaio?",
      "Come faccio a iscrivermi agli esami di gennaio?",
      "Il mio piano di studi è stato approvato?",
      "Posso prenotare un appuntamento con la segreteria?",
      "Quando posso prenotarmi per la sessione di laurea?",
      "C'è una mensa universitaria?",
      "Cosa succede se pago le tasse in ritardo?",
      "Quali agevolazioni ci sono per studenti fuori sede?",
      "Come posso contattare la segreteria via email?",
      "Come ottengo la ricevuta di pagamento delle tasse?",
      "Che corsi ci sono a ingegneria?",
      "Quali agevolazioni ci sono per studenti fuori sede?",
      "Posso prenotare un appuntamento con la segreteria?",
      "Quando riceverò l'esito della mia domanda di borsa di studio?",
      "Come posso contattare la segreteria via email?",
      "Posso prenotare un appuntamento con la segreteria?",
      "Dove si trova l'ufficio tasse e contributi?",
      "Quando riceverò l'esito della mia domanda di borsa di studio?",
      "Cosa succede se pago le tasse in ritardo?"
    ],
    "timestamps": [
      "2025-08-20T17:27:46.665818",
      "2025-08-20T17:29:03.006562",
      "2025-08-20T17:30:24.491778",
      "2025-08-20T17:31:01.003126",
      "2025-08-20T17:32:22.898109",
      "2025-08-20T17:33:37.120741",
      "2025-08-20T17:34:47.647162",
      "2025-08-20T17:36:07.099900",
      "2025-08-20T17:36:42.387055",
      "2025-08-20T17:37:05.142860",
      "2025-08-20T17:38:25.401963",
      "2025-08-20T17:39:39.175646",
      "2025-08-20T17:40:23.206221",
      "2025-08-20T17:40:57.878598",
      "2025-08-20T17:41:25.094504",
      "2025-08-20T17:41:58.577674",
      "2025-08-20T17:42:32.571250",
      "2025-08-20T17:42:59.268998",
      "2025-08-20T17:43:37.503819",
      "2025-08-20T17:44:03.656261",
      "2025-08-20T17:44:40.007227",
      "2025-08-20T17:45:58.179581",
      "2025-08-20T17:46:31.165271",
      "2025-08-20T17:46:56.664852",
      "2025-08-20T17:47:29.265333",
      "2025-08-20T17:47:55.302763",
      "2025-08-20T17:48:20.734486",
      "2025-08-20T17:48:53.318132",
      "2025-08-20T17:49:25.676079",
      "2025-08-20T17:49:53.134463"
    ]
  }
}